book_code,person_counter,role
16431,0,writer
44551,1,writer
32993,2,writer
32993,3,translator
75051,5,writer
11759,6,writer
11759,7,translator
76224,8,writer
19993,9,writer
43554,10,writer
43554,11,translator
48881,12,writer
48881,13,translator
73034,14,writer
73034,15,translator
53268,17,writer
32925,16,writer
31958,18,writer
54950,19,writer
54950,20,translator
43251,21,writer
37340,22,writer
17276,23,writer
39349,24,writer
39349,25,translator
24689,28,writer
97475,29,writer
97475,30,translator
41233,31,writer
16149,33,writer
16149,34,translator
22320,35,writer
22320,36,translator
23831,37,writer
116462,38,writer
116462,39,translator
90337,40,writer
102277,41,writer
106935,42,writer
106935,43,translator
95430,44,writer
82424,45,writer
82424,46,writer
64585,47,writer
74705,48,writer
52719,49,writer
6936,51,writer
6936,52,writer
55939,54,writer
28834,53,writer
55939,55,translator
45305,56,writer
45305,57,translator
54131,60,writer
40168,61,writer
40168,62,translator
44835,67,writer
44835,68,writer
44835,69,translator
24315,70,writer
24315,71,translator
68806,73,writer
95613,74,writer
95613,75,translator
17661,76,writer
17661,77,translator
86296,78,writer
85177,79,writer
115699,80,writer
115699,81,translator
106761,82,writer
106761,83,translator
19130,84,writer
19130,85,translator
58809,86,writer
60109,87,writer
60109,88,translator
112609,89,writer
112609,90,translator
3721,91,writer
3721,92,translator
106149,93,writer
12696,94,writer
12696,95,translator
104136,67,writer
104136,96,writer
85455,97,writer
85455,98,translator
116994,101,writer
19767,102,writer
121175,103,writer
103452,104,writer
112031,105,writer
112031,106,translator
93627,107,writer
93627,108,translator
86671,109,writer
5730,110,writer
100322,111,writer
26544,112,writer
82483,113,writer
82483,114,translator
120685,115,writer
120685,116,translator
56611,117,writer
56611,118,translator
17685,121,writer
17685,122,translator
17685,123,translator
25407,124,writer
83751,126,writer
83751,127,translator
40693,128,writer
61408,129,writer
61408,130,translator
92333,131,writer
51246,132,writer
112518,133,writer
80224,134,writer
44960,137,writer
23267,135,writer
23267,136,translator
102066,138,writer
102066,139,translator
62030,140,writer
84602,141,writer
95787,144,writer
95787,145,translator
44210,146,writer
44210,147,translator
96380,148,writer
41874,149,writer
121045,150,writer
45930,151,writer
45930,152,translator
88603,155,writer
9228,156,writer
9228,157,translator
66028,158,writer
29609,160,writer
46564,161,writer
46564,162,translator
96525,163,writer
96525,164,translator
100613,165,writer
100613,166,translator
14848,167,writer
67363,168,writer
119431,67,writer
119431,169,writer
119431,170,translator
45642,172,writer
45642,173,translator
40451,174,writer
40451,175,translator
86519,176,writer
49760,12,writer
49760,13,translator
8428,177,writer
8428,178,translator
76800,181,writer
110302,183,writer
116855,185,writer
39945,186,writer
114647,187,writer
116857,189,writer
61796,190,writer
61796,191,translator
102774,192,writer
97055,195,writer
97055,196,translator
17924,198,writer
17924,199,translator
84913,203,writer
56629,207,writer
56629,118,translator
11647,208,writer
11647,209,translator
116962,211,translator
3071,216,writer
3071,217,translator
85000,218,writer
105326,67,writer
105326,220,writer
105326,170,translator
105326,221,translator
108377,222,writer
108377,223,translator
35947,210,writer
35947,224,translator
52723,225,writer
88088,226,writer
83584,67,writer
83584,229,translator
40063,230,writer
40063,231,translator
58467,232,writer
58467,233,translator
117649,234,writer
117649,235,translator
121026,236,writer
121026,237,translator
120065,238,writer
120065,239,translator
2162,240,writer
2162,241,translator
34472,242,writer
67680,67,writer
67680,243,writer
67680,244,translator
30395,245,writer
94935,246,writer
94935,247,translator
19759,248,writer
113870,249,writer
113870,250,translator
119993,251,writer
73124,252,writer
31793,253,writer
60216,254,writer
60216,255,translator
16073,256,writer
16073,209,translator
95693,258,writer
13110,257,writer
41064,259,writer
111832,261,writer
111832,262,translator
15113,263,writer
15113,264,translator
19929,267,writer
65943,271,writer
12952,272,writer
12952,273,translator
33560,274,writer
33560,275,translator
90292,276,writer
90292,277,translator
108645,51,writer
92926,280,writer
92926,281,writer
92926,282,translator
16603,283,writer
14945,284,writer
58434,285,writer
58434,286,translator
115089,287,writer
115089,288,translator
90800,289,writer
91134,290,writer
47924,67,writer
47924,291,translator
9625,292,writer
9625,293,translator
115343,125,writer
60455,294,writer
60455,295,translator
113133,296,writer
108706,67,writer
43119,300,writer
76748,301,writer
4541,302,writer
73285,303,writer
73285,304,translator
54845,305,writer
108439,306,writer
92160,307,writer
49800,308,writer
49800,309,translator
65446,310,writer
65446,311,translator
82802,312,writer
98770,313,writer
48322,314,writer
111298,315,writer
76782,316,writer
63878,317,writer
118097,318,writer
80310,319,writer
38615,321,writer
24914,322,writer
52385,323,writer
52385,324,translator
72062,325,writer
87680,327,writer
55241,328,writer
26182,329,writer
36184,334,writer
36184,335,translator
37709,336,writer
1827,337,writer
1827,338,translator
33407,341,writer
33407,342,translator
47823,343,writer
31372,344,writer
45140,345,writer
109716,223,translator
71947,347,writer
14892,348,writer
53699,349,writer
53699,350,translator
73557,351,writer
73557,352,translator
71782,353,writer
9242,356,writer
13176,357,writer
119844,358,writer
80931,359,writer
30156,360,writer
57427,361,writer
61635,362,writer
61635,363,translator
29941,22,writer
65993,4,writer
56846,364,writer
40347,365,writer
40347,366,translator
100776,367,writer
55108,368,writer
55108,369,translator
88749,370,writer
74473,371,writer
9600,372,writer
9600,373,translator
12213,374,writer
15820,375,writer
15820,376,translator
87102,213,writer
87102,214,writer
87102,215,translator
95947,377,writer
95947,378,translator
63745,379,writer
55337,380,writer
28248,381,writer
81683,382,writer
119841,67,writer
67093,385,writer
43071,386,writer
43071,387,translator
116163,388,writer
116163,389,translator
37524,390,writer
49081,391,writer
75596,392,writer
84977,393,writer
23564,394,writer
21725,395,writer
36018,396,writer
2678,397,writer
2678,398,translator
94174,399,writer
94174,400,writer
94174,205,translator
116630,401,writer
29955,402,writer
29955,403,translator
83964,404,writer
59507,405,writer
59507,406,translator
106663,407,writer
106663,408,translator
7232,409,writer
109538,410,writer
109647,411,writer
62080,415,writer
38016,416,writer
38016,417,translator
682,419,writer
682,420,translator
80886,176,writer
97843,67,writer
97843,421,writer
39376,422,writer
63431,423,writer
63431,424,translator
106676,425,writer
49302,426,writer
81301,427,writer
81301,428,translator
19637,429,writer
21185,430,writer
80446,431,writer
111958,432,writer
119334,433,writer
119334,434,translator
31797,435,writer
75627,436,writer
75627,170,translator
75627,437,translator
108337,438,writer
111254,441,writer
58487,444,writer
58487,445,translator
32290,446,writer
12734,449,writer
12734,450,translator
12734,451,translator
87788,452,writer
87788,453,translator
35362,454,writer
97390,456,writer
79494,457,writer
20992,458,writer
20992,459,translator
108486,460,writer
76697,461,writer
12283,462,writer
63944,463,writer
63944,464,translator
46312,465,writer
20107,466,writer
20107,467,translator
13242,470,writer
13242,471,translator
24778,472,writer
47905,473,writer
47905,201,translator
36064,474,writer
36064,475,translator
72852,476,writer
72852,477,translator
38169,478,writer
64722,480,writer
105691,481,writer
105691,482,translator
47186,483,writer
47186,484,translator
104961,485,writer
104961,486,translator
17980,487,writer
42864,489,writer
93816,490,writer
114314,491,writer
114314,492,translator
51993,497,writer
59551,498,writer
28234,499,writer
28234,500,translator
32899,502,writer
32899,503,translator
115892,1409,writer
84662,504,writer
110355,505,writer
98447,506,writer
98447,507,translator
56623,508,writer
56623,118,translator
36217,509,writer
59564,513,writer
59564,514,translator
10150,516,writer
10150,517,translator
38417,518,writer
95820,519,writer
35496,520,writer
76905,521,writer
76905,522,translator
52177,523,writer
52177,524,translator
6681,525,writer
6681,526,translator
25470,528,writer
25470,529,translator
51786,532,writer
114259,533,writer
114259,534,translator
1188,535,writer
1188,536,translator
83105,537,writer
83105,538,translator
28719,539,writer
28719,540,translator
51978,67,writer
29871,541,writer
29871,542,translator
33969,543,writer
21171,544,writer
21171,545,translator
110971,546,writer
110971,534,translator
16768,547,writer
16768,548,translator
49828,549,writer
53502,553,writer
53502,554,translator
2688,397,writer
2688,555,translator
90564,125,writer
49426,556,writer
119313,557,writer
119313,558,translator
88336,559,writer
21322,560,writer
21322,264,translator
9435,561,writer
9435,562,translator
96580,563,writer
37546,564,writer
13973,567,writer
13973,568,translator
8821,569,writer
89448,570,writer
38466,571,writer
16835,572,writer
16835,573,translator
101327,574,writer
110450,575,writer
110450,576,translator
84279,577,writer
111348,578,writer
111348,579,translator
109491,582,writer
38094,583,writer
70678,584,writer
79475,585,writer
79475,586,translator
8950,587,writer
30646,589,writer
115309,588,writer
23087,590,writer
23087,298,translator
11740,591,writer
30844,606,writer
67552,592,writer
64669,67,writer
64669,593,writer
81831,594,writer
94519,597,writer
102798,598,writer
82966,599,writer
11809,129,writer
11809,600,translator
116099,601,writer
116099,250,translator
89819,602,writer
116271,603,writer
113650,604,writer
113650,605,translator
43527,606,writer
35386,607,writer
7972,609,writer
7972,610,writer
7972,611,writer
7972,612,translator
56590,608,writer
45246,613,writer
113818,614,writer
113818,615,translator
70230,616,writer
70230,617,translator
99394,618,writer
88839,619,writer
88839,620,translator
38378,621,writer
120410,622,writer
55508,623,writer
55508,624,translator
108169,625,writer
91095,626,writer
109334,627,writer
111602,628,writer
54368,629,writer
54368,630,translator
70741,631,writer
70741,632,translator
91110,633,writer
46721,634,writer
12288,635,writer
27792,636,writer
85743,637,writer
54711,638,writer
47729,640,writer
47729,201,translator
42712,641,writer
75256,642,writer
1971,610,writer
113494,643,writer
113494,644,translator
108314,645,writer
51083,647,writer
51083,648,translator
115674,649,writer
115674,650,translator
36742,651,writer
36742,652,translator
80598,655,writer
80598,656,translator
70986,657,writer
70986,658,translator
74162,659,writer
74162,660,translator
32390,661,writer
52581,662,writer
75233,663,writer
75233,170,translator
75233,664,translator
62108,665,writer
62108,666,translator
38708,667,writer
1850,668,writer
1850,669,translator
88288,671,writer
116246,673,writer
42678,672,writer
98360,674,writer
98360,675,translator
73670,676,writer
98885,680,writer
98885,681,translator
47847,682,writer
116016,688,writer
20438,683,writer
79366,684,writer
56747,685,writer
45482,690,writer
105864,692,writer
105864,693,translator
68208,1663,writer
86562,696,writer
86562,697,translator
108699,67,writer
108699,698,writer
108699,170,translator
108699,699,translator
117916,700,writer
117916,241,translator
58848,67,writer
58848,568,translator
95314,701,writer
70111,702,writer
70111,703,translator
94557,67,writer
94557,704,writer
121235,300,writer
65031,302,writer
34819,705,writer
43707,706,writer
43707,57,translator
56915,707,writer
36682,473,writer
36682,708,translator
59688,709,writer
106900,710,writer
51962,712,writer
51962,713,translator
54543,714,writer
38958,715,writer
52536,716,writer
52536,717,translator
104653,718,writer
94596,67,writer
94596,719,writer
4647,720,writer
4647,721,translator
94309,205,writer
89470,530,writer
4035,723,writer
4035,724,translator
29017,725,writer
29017,726,translator
75048,727,writer
75048,728,writer
61176,730,writer
61176,731,translator
86393,733,writer
36094,734,writer
36094,735,translator
45044,736,writer
45044,737,translator
48730,738,writer
48730,739,translator
93071,740,writer
26824,741,writer
40003,743,writer
40003,744,translator
107388,745,writer
89645,746,writer
89645,747,translator
61774,748,writer
61774,749,translator
96511,750,writer
96511,751,translator
37541,754,writer
37541,755,translator
22841,752,writer
22841,753,translator
106789,756,writer
113027,296,writer
81823,757,writer
106830,758,writer
106830,476,writer
56810,759,writer
61962,760,writer
61962,761,translator
20083,762,writer
20083,763,translator
20083,764,translator
49934,765,writer
49934,766,translator
112137,599,writer
105027,67,writer
105027,767,writer
105027,170,translator
105027,768,translator
71721,734,writer
71721,769,translator
95413,770,writer
95413,771,translator
3959,772,writer
3959,773,translator
109648,67,writer
109648,775,writer
67441,776,writer
94843,777,writer
94843,778,translator
27222,779,writer
27222,780,translator
103479,638,writer
10448,638,writer
98655,782,writer
80044,781,writer
38753,784,writer
38753,785,translator
33587,67,writer
33587,786,writer
63772,787,writer
63772,788,translator
120118,789,writer
22280,790,writer
67141,1260,writer
79722,793,writer
84893,794,writer
84893,795,translator
38230,796,writer
38230,797,translator
24560,798,writer
50820,799,writer
40860,800,writer
40860,801,translator
43069,386,writer
43069,387,translator
43260,804,writer
43260,805,translator
60434,806,writer
50632,807,writer
24888,322,writer
25381,808,writer
115310,809,writer
37196,810,writer
37196,811,translator
10985,812,writer
10985,813,translator
52823,814,writer
76730,815,writer
104255,816,writer
104255,817,translator
34851,818,writer
17913,819,writer
17913,199,translator
5006,820,writer
5006,821,translator
54648,824,writer
54648,825,translator
85327,826,writer
81134,827,writer
57507,828,writer
57507,829,translator
64092,830,writer
28241,381,writer
117668,831,writer
34813,705,writer
37871,832,writer
8747,833,writer
8747,834,translator
6344,835,writer
47812,343,writer
98055,836,writer
70752,837,writer
74945,838,writer
73818,839,writer
22894,249,writer
22894,1913,translator
120781,843,writer
115941,844,writer
115941,845,translator
103999,120,writer
101758,849,writer
101758,850,translator
21264,851,writer
21264,852,translator
91596,853,writer
91596,854,translator
82176,855,writer
51582,856,writer
49890,857,writer
30280,858,writer
103693,859,writer
103693,309,translator
93401,860,writer
68083,861,writer
115384,868,writer
115384,869,translator
55304,870,writer
55304,871,translator
98757,872,writer
97070,67,writer
97070,873,writer
47722,874,writer
47722,875,translator
62609,876,writer
39681,879,writer
39681,880,translator
100748,882,writer
100748,883,translator
102014,138,writer
88166,884,writer
102014,139,translator
31777,885,writer
45720,888,writer
45720,889,translator
38628,890,writer
95703,891,writer
95703,892,translator
1895,893,writer
1895,894,translator
33286,895,writer
33286,896,translator
17466,897,writer
17466,898,translator
43523,647,writer
43523,11,translator
12247,899,writer
110851,906,writer
95105,907,writer
95105,908,translator
28609,909,writer
48341,463,writer
48341,911,translator
51319,913,writer
51319,914,translator
49129,915,writer
49129,916,translator
74372,917,writer
74372,918,translator
93739,67,writer
27623,919,writer
80790,920,writer
43909,921,writer
36341,924,writer
106375,925,writer
106375,926,translator
20815,927,writer
20815,928,translator
29836,929,writer
29836,930,translator
26283,933,writer
26283,934,translator
57232,935,writer
57232,936,translator
70623,937,writer
70623,155,translator
73875,938,writer
104707,939,writer
104707,940,translator
25009,519,writer
113779,942,writer
113779,943,translator
113314,944,writer
91350,945,writer
12997,946,writer
12997,947,translator
89334,950,writer
89334,951,translator
99218,952,writer
32984,953,writer
32984,954,translator
50056,955,writer
52678,956,writer
111297,957,writer
111297,958,writer
115223,129,writer
115223,130,translator
83993,961,writer
83993,962,translator
121121,963,writer
121121,964,translator
93706,965,writer
93706,966,translator
95149,599,writer
85780,967,writer
98421,968,writer
98379,969,writer
33951,970,writer
101436,67,writer
58943,971,writer
64009,972,writer
64009,170,translator
64009,973,translator
36128,975,writer
36128,976,translator
36720,977,writer
36720,978,translator
24683,980,writer
24683,67,translator
24683,981,translator
33430,982,writer
33430,983,translator
43550,984,writer
62531,985,writer
120757,986,writer
93726,987,writer
20671,988,writer
2783,989,writer
2783,990,translator
2783,991,translator
73150,992,writer
73150,993,translator
108584,67,writer
94727,205,writer
26978,996,writer
48448,997,writer
48448,998,translator
23276,999,writer
61369,1000,writer
10847,1001,writer
10847,1002,translator
44312,322,writer
26842,1005,writer
26842,1006,translator
52110,1007,writer
110822,1008,writer
83847,1009,writer
120239,1010,writer
64659,1012,writer
64659,1013,translator
45218,1014,writer
45218,1015,translator
42861,489,writer
33134,1016,writer
33134,1017,translator
102641,1018,writer
61825,67,writer
61825,1019,translator
55011,1020,writer
55011,1021,translator
44128,1022,writer
110009,1023,writer
63326,1025,writer
63326,880,translator
76237,1026,writer
97706,155,writer
80306,1027,writer
55739,1028,writer
55739,1029,translator
100092,67,writer
100092,1031,writer
102886,1032,writer
102886,1033,translator
20031,1034,writer
91582,1036,writer
91582,1037,translator
108351,1038,writer
34822,1039,writer
101684,1040,writer
101684,1041,translator
114819,1042,writer
93567,1045,translator
30393,1046,writer
90367,125,writer
6935,51,writer
97560,1047,writer
120275,1048,writer
40832,1052,writer
40832,1053,translator
105220,1054,writer
105220,1055,translator
107304,1056,writer
107304,1057,translator
16329,1061,writer
16329,1062,writer
106265,597,writer
117863,1063,writer
49039,1064,writer
37736,1065,writer
37736,1066,writer
92763,407,writer
92763,1067,translator
27736,1068,writer
27736,1069,translator
57556,1070,writer
57556,1071,translator
37155,1072,writer
98559,1073,writer
71569,1076,writer
59531,1080,writer
74513,476,writer
74513,1082,translator
53788,1083,writer
53788,1084,translator
8221,1085,writer
55066,1088,writer
55066,1089,translator
83930,1090,writer
83930,330,translator
47909,1091,writer
77130,1092,writer
34978,1093,writer
115451,1094,writer
76209,1095,writer
29190,1096,writer
98992,67,writer
35250,1097,writer
35250,1098,translator
73816,1076,writer
73816,1943,translator
81773,1099,writer
111915,1100,writer
111915,1101,translator
62115,1102,writer
62115,1103,translator
56391,1104,writer
56391,1105,translator
44406,1107,writer
44406,1108,translator
15095,1110,writer
15095,1111,translator
98865,1114,writer
98865,1115,translator
49652,1116,writer
67780,1117,writer
59589,1118,writer
59589,1119,translator
86087,1120,writer
86087,1121,translator
41527,1125,writer
41527,1126,translator
117463,1127,writer
117463,1128,translator
29242,1129,writer
29242,1130,translator
21048,1131,writer
21048,1132,translator
83126,1134,writer
75606,1133,writer
112461,1135,writer
112461,1136,translator
55079,1137,writer
39340,67,translator
6994,1142,writer
4422,729,writer
4422,1143,translator
39298,67,writer
39298,1144,writer
39298,1145,translator
45909,1146,writer
90912,1147,writer
27149,1148,writer
54204,1149,writer
54204,932,translator
111934,572,writer
111934,1150,translator
98455,1151,writer
98455,1152,writer
107579,1153,writer
48149,1154,writer
48149,1155,translator
38422,1156,writer
38422,1157,translator
60480,1158,writer
60480,1159,translator
42633,1160,writer
42633,1161,translator
27769,80,writer
27769,1162,translator
95365,1163,writer
95365,1164,translator
46563,155,writer
11710,1165,writer
36159,1166,writer
34440,1167,writer
9259,1168,writer
52569,1169,writer
73631,1170,writer
114255,1171,writer
114255,1172,translator
45015,1173,writer
63550,1174,writer
63550,1175,translator
45017,1176,writer
74360,1178,writer
102644,1177,writer
74360,918,translator
29194,1179,writer
29194,1180,translator
29194,1181,translator
94530,1184,writer
94530,1185,translator
90168,1187,writer
58828,1189,writer
58828,1190,translator
52276,1191,writer
67606,1192,writer
67606,1193,translator
52288,1194,writer
52288,1195,translator
36351,1196,writer
51916,1197,writer
51916,713,translator
97608,1198,writer
65481,1199,writer
65481,1200,translator
46703,1201,writer
113867,1202,writer
61658,1203,writer
61658,1204,translator
30100,1206,writer
30100,1207,translator
111968,1209,writer
46569,1211,writer
46569,1212,translator
10402,1213,writer
99381,1214,writer
99381,1215,translator
4448,1216,writer
4448,1217,translator
68299,1218,writer
9069,1219,writer
19358,1220,writer
35338,67,writer
35338,1221,writer
92267,67,writer
92267,1222,writer
8348,1223,writer
61049,1224,writer
61049,1225,translator
8154,1226,writer
44972,1227,writer
44972,1228,translator
10307,1229,writer
10307,1230,translator
42760,1231,writer
19442,1232,writer
19442,1233,translator
99450,67,writer
99450,1235,writer
99450,1236,translator
111455,1237,writer
27782,1239,writer
27782,1240,translator
49027,1241,writer
49027,1242,translator
71040,1243,writer
71040,1244,translator
82234,1247,writer
63162,1250,writer
114247,1251,writer
114247,1252,translator
85144,1255,writer
85144,1256,translator
47195,1257,writer
29663,1258,writer
29663,1259,translator
50212,1260,writer
31491,1261,writer
31491,1262,translator
110551,1263,writer
67650,1264,writer
72064,325,writer
119527,1265,writer
119527,250,translator
109803,1267,writer
112445,67,writer
9545,1268,writer
9545,1269,writer
9545,1270,translator
121519,1271,writer
89980,881,writer
83695,1272,writer
57777,1273,writer
57777,1274,translator
61712,1275,writer
35663,1276,writer
93414,1278,writer
87044,1277,writer
37399,1279,writer
37399,1280,translator
81887,1281,writer
37725,1282,writer
36190,1283,writer
92969,1286,writer
92969,1287,translator
111041,1288,writer
103728,1289,writer
61076,67,writer
61076,1291,writer
73583,1292,writer
105203,1295,writer
105203,1296,translator
16925,1297,writer
69941,1298,writer
43301,1300,writer
43301,1301,translator
102306,1302,writer
43525,647,writer
43525,11,translator
62083,1303,writer
62083,1304,translator
119409,1305,writer
23531,1306,writer
43997,1308,writer
115600,1309,writer
115600,1310,writer
115600,1311,translator
30515,1312,writer
113448,1313,writer
47578,1316,writer
47578,1317,translator
74785,1318,writer
74785,1319,translator
31880,1320,writer
112405,1266,writer
57177,364,writer
37313,1322,writer
50137,1325,writer
59865,1326,writer
59865,1327,translator
1772,1330,writer
1772,1331,translator
95383,1332,writer
95383,1333,translator
95383,1334,translator
70227,616,writer
34718,1335,writer
34718,1336,translator
70227,617,translator
24755,1337,writer
24755,1338,translator
64124,1342,writer
64124,1343,translator
109935,1341,writer
20323,1344,writer
20323,1345,translator
113864,1202,writer
76289,1463,writer
76289,1464,translator
113190,1347,writer
113190,503,translator
68466,1348,writer
115579,1349,writer
115579,1350,translator
85993,1351,writer
76670,67,writer
76670,1353,translator
41284,674,writer
41284,1356,translator
53819,1358,writer
53819,1359,translator
83639,1360,writer
83639,1361,translator
104767,1364,writer
104767,1136,translator
90479,125,writer
48838,1013,translator
55069,1367,writer
55069,1368,translator
3602,1369,writer
3602,1370,writer
3602,1371,translator
58417,1372,writer
58417,1373,translator
64600,1374,writer
88007,1375,writer
88007,1376,translator
36739,1377,writer
36739,1378,translator
112938,1379,writer
112938,1380,translator
99757,1381,writer
99757,1382,translator
49864,67,writer
49864,1384,translator
81800,1385,writer
47054,67,writer
47054,1388,writer
48993,1389,writer
48993,1390,translator
5826,1391,writer
106405,1392,writer
106405,250,translator
44416,1393,writer
44416,136,translator
49086,184,writer
105026,1395,writer
105985,1397,writer
105985,1398,translator
29034,67,writer
29034,1399,writer
29034,1400,translator
86980,1401,writer
37390,22,writer
45378,1402,writer
45378,1403,translator
103773,1405,writer
103773,1406,translator
6810,1404,writer
65059,1407,writer
65059,1408,translator
84603,1409,writer
1134,1410,writer
1134,1411,translator
41908,1412,writer
45470,1413,writer
45470,1414,translator
112269,1415,writer
56923,1416,writer
88450,1417,writer
38370,1418,writer
38370,1419,translator
111410,1420,writer
54768,1421,writer
112864,1422,writer
112864,1423,translator
1382,1426,writer
1382,1427,translator
15314,1428,writer
15314,1429,translator
34752,1430,writer
34752,1431,translator
34752,1432,translator
106449,1435,writer
19484,1438,writer
19484,1439,translator
84337,1440,writer
96564,1441,writer
96564,1442,writer
91532,1447,writer
91532,1448,translator
50806,1449,writer
55468,1450,writer
81318,1451,writer
81318,1452,translator
91457,1453,writer
96507,1454,writer
57111,1455,writer
26848,1063,writer
74721,1456,writer
40340,1457,writer
74183,1458,writer
74183,1459,translator
121543,1460,writer
67797,1461,writer
67797,1462,translator
81450,1465,writer
81450,911,translator
102513,1422,writer
31497,1466,writer
31497,1467,translator
115094,287,writer
115094,288,translator
49515,1468,writer
94850,1469,writer
95255,597,writer
109975,1470,writer
35566,1471,writer
82369,67,writer
82369,356,writer
85824,827,writer
50185,1472,writer
96372,1473,writer
89148,1474,writer
56511,959,writer
115954,1477,writer
34274,1478,writer
34274,1479,translator
102918,1480,writer
102918,41,translator
59807,67,writer
59807,1481,translator
108736,1482,writer
42669,1483,writer
31435,1485,translator
105130,1489,writer
105130,1490,translator
95944,1491,writer
43199,1492,writer
107883,1493,writer
81795,1494,writer
114239,1495,writer
114239,1496,translator
16704,1498,writer
83200,591,writer
36135,1500,writer
36135,1501,translator
48182,1502,writer
87416,1504,writer
87416,1505,translator
59827,1506,writer
59827,1507,translator
5270,1508,writer
5270,1509,translator
5270,1510,translator
98813,1511,writer
23749,1513,writer
23749,1514,translator
88524,67,writer
88524,1518,writer
44264,1519,writer
44264,1520,translator
113084,296,writer
48606,1522,writer
29179,1523,writer
88432,1524,writer
35710,1525,writer
35710,67,translator
35710,1526,translator
113972,1529,writer
113972,1530,translator
113972,1531,translator
45836,1532,writer
45836,1533,translator
14504,1534,writer
14504,1535,translator
54358,1536,writer
57188,1537,writer
57188,1538,translator
84510,1539,writer
106261,1540,writer
106261,1541,translator
93528,1542,writer
93528,1543,writer
42595,1544,writer
40538,1545,writer
34109,1546,writer
34109,1547,translator
83207,1548,writer
83207,1549,translator
89008,1029,writer
48419,1550,writer
48419,1551,translator
35742,495,writer
89562,1552,writer
57185,1553,writer
57185,1554,translator
49481,1555,writer
119523,1556,writer
119523,1557,translator
59406,1559,writer
50647,1558,writer
52246,1560,writer
81332,1561,writer
57879,1562,writer
57879,1563,translator
40774,1564,writer
40774,1565,translator
74348,408,writer
1318,1567,writer
1318,1568,translator
49184,261,writer
49184,1571,translator
47389,1572,writer
47389,1573,translator
23428,1574,writer
42493,1575,writer
121067,32,writer
26610,1576,writer
26610,1577,translator
99187,1578,writer
24744,1579,writer
24744,1580,translator
87931,1581,writer
106672,1583,writer
106672,1584,translator
32698,1582,writer
32698,1274,translator
116441,1585,writer
103286,1586,writer
103286,1587,translator
96553,1588,writer
96553,1589,writer
65651,1590,writer
65651,1591,translator
65651,1592,translator
95799,1354,writer
96402,1593,writer
96402,1594,translator
86056,1595,writer
30189,1596,writer
30189,1597,translator
76070,1598,writer
14512,1599,writer
14512,599,translator
38762,1600,writer
94590,67,writer
94590,170,translator
21281,732,writer
95848,1601,writer
911,1602,writer
911,1603,writer
911,1254,translator
110861,1607,writer
121369,1608,writer
121369,1609,translator
40280,1610,writer
40280,1611,translator
109525,253,writer
44962,1614,writer
44962,67,translator
44962,1615,translator
57292,1616,writer
73660,1617,writer
92692,1621,writer
92692,1622,translator
22565,1623,writer
22565,1624,translator
69869,1625,writer
62129,1626,writer
62129,1627,translator
6634,1631,writer
6634,1632,writer
6634,1633,translator
67789,1635,writer
67789,1636,translator
18069,1638,writer
18069,1639,translator
57816,1641,writer
16319,989,writer
16319,67,writer
16319,1642,translator
109185,1643,writer
73071,1644,writer
73071,1645,translator
52848,1646,writer
46591,1647,writer
46591,1648,translator
105517,1649,writer
105517,1650,translator
65097,1651,writer
2809,1652,writer
2809,1653,translator
2809,1654,translator
50039,1655,writer
50039,1656,translator
105236,1657,writer
105236,1658,translator
97264,1659,writer
97264,1660,writer
115952,1661,writer
115952,1662,translator
67569,1663,writer
20996,1664,writer
20996,459,translator
110569,1665,writer
72679,476,writer
111009,1666,writer
111009,1390,translator
117267,1667,writer
19101,1668,writer
19101,1669,translator
98615,1670,writer
98615,1671,translator
73976,1673,writer
42642,1674,writer
34836,1675,writer
34836,1676,translator
55075,1679,writer
86880,1680,writer
86880,1681,translator
72016,1677,writer
91600,67,writer
91600,1682,writer
82861,1684,writer
82861,1685,translator
15356,1688,writer
60191,129,writer
60191,1689,translator
84644,1691,writer
95902,1692,writer
95902,1693,writer
95902,1694,translator
95902,1695,translator
16567,1626,writer
16567,1696,translator
108553,1697,writer
108553,1698,translator
16380,1699,writer
100564,1701,writer
100564,1702,translator
43976,1703,writer
82922,1704,writer
82922,1705,translator
5863,1325,writer
60282,249,writer
60282,1706,translator
109352,1707,writer
38560,1708,writer
108028,999,writer
108028,530,writer
50963,1709,writer
50963,1710,translator
98320,1711,writer
98320,1712,translator
22095,887,writer
20710,1713,writer
92417,1715,writer
92417,1716,translator
119535,982,writer
119535,1717,translator
54353,1718,writer
101896,1719,writer
73634,1170,writer
115957,673,writer
25100,1721,writer
25100,1722,translator
14242,1723,writer
43403,1227,writer
43403,1228,translator
84820,1724,writer
44919,1725,writer
47287,1727,writer
47287,116,translator
105797,1728,writer
96991,1729,writer
96991,1730,translator
47180,1731,writer
53907,1732,writer
53907,1580,translator
45211,1733,writer
45211,1734,translator
43445,298,writer
61038,1457,writer
92970,1735,writer
24732,67,writer
24732,264,translator
57615,1737,writer
85114,1738,writer
85114,1739,translator
81781,1740,writer
62913,1741,writer
62913,1742,translator
112404,1266,writer
84423,1743,writer
5184,1744,writer
5184,1745,translator
49465,1746,writer
28439,1747,writer
1681,1749,writer
1681,1750,translator
80577,1751,writer
29067,1752,writer
29067,1753,translator
116503,1754,writer
31796,1755,writer
54953,1756,writer
54953,1011,translator
59267,1506,writer
59267,1757,translator
16374,1758,writer
16374,1759,translator
93469,1760,writer
57722,1761,writer
57722,1762,translator
54725,1763,writer
34458,1764,writer
86696,1765,writer
75436,1766,writer
75436,1767,translator
82340,1768,writer
82340,157,translator
101942,1769,writer
101942,1770,translator
25422,1771,writer
25422,1772,translator
44655,1773,writer
44655,1774,translator
35665,1775,writer
35665,1776,translator
96537,1777,writer
96537,1778,translator
81168,1559,writer
84957,1779,writer
14421,1780,writer
105161,1781,writer
69024,1782,writer
68064,592,writer
105835,1783,writer
38790,1784,writer
111324,1785,writer
52172,1786,writer
52172,1331,translator
11896,1788,writer
11896,1789,translator
40332,1472,writer
69028,1782,writer
69028,1872,translator
48769,1796,writer
48769,916,translator
74651,497,writer
71220,1797,writer
71220,1798,translator
49948,1799,writer
49948,1800,translator
120751,1804,writer
120751,1805,translator
7661,1806,writer
56144,1807,writer
56144,1808,translator
36317,1809,writer
36317,262,translator
104321,1810,writer
104321,170,translator
100961,1811,writer
100961,1812,translator
12691,1813,writer
12691,95,translator
33867,1814,writer
33867,1815,translator
12456,1816,writer
12456,1817,translator
70005,1818,writer
37677,1820,writer
37677,1821,translator
106901,65,writer
106901,66,translator
15110,1111,translator
24390,1823,writer
24390,1824,translator
44412,1825,writer
44412,1826,translator
33201,1827,writer
71664,1828,writer
71664,1228,translator
17434,1829,writer
17434,830,translator
36645,1830,writer
36645,978,translator
79648,1833,writer
79648,1834,translator
16231,1835,writer
16231,1836,translator
81395,1023,writer
81395,170,translator
81395,1837,translator
109757,1838,writer
109577,1839,writer
109577,1840,translator
121392,1841,writer
121392,1842,writer
30643,589,writer
75136,1844,writer
55778,1845,writer
45368,1846,writer
45368,1847,translator
80536,1848,writer
8951,587,writer
46943,657,writer
46943,1849,translator
71562,1850,writer
65915,1852,writer
71562,1851,translator
65915,170,translator
65915,1853,translator
115603,1005,writer
115603,1006,translator
40216,67,writer
40216,366,writer
97924,1854,writer
30682,1855,writer
111228,1856,writer
119755,1857,writer
119755,1858,translator
7937,1860,writer
43575,1859,writer
31279,1863,writer
7414,1445,writer
101557,1865,writer
106906,1866,writer
117611,1867,writer
30752,1868,writer
53844,67,writer
53844,1869,writer
53844,1870,translator
92930,1871,writer
92930,1872,translator
92667,1873,writer
92667,1874,translator
103415,1875,writer
103415,1876,translator
21655,1877,writer
17589,1879,writer
17589,801,translator
17589,1880,translator
87534,1881,writer
87534,1882,writer
115985,1883,writer
115985,1884,translator
113670,1885,writer
113670,1886,translator
116538,1887,writer
116538,1888,translator
116538,1889,translator
59823,1890,writer
59823,1891,translator
72777,67,writer
72777,1892,writer
56113,1893,writer
57980,1894,writer
27521,560,writer
27521,1895,translator
97391,1896,writer
47357,321,writer
103061,1897,writer
103061,1898,translator
110062,1728,writer
84747,1250,writer
84747,1899,translator
111282,67,writer
111282,1900,translator
110647,1901,writer
65518,1902,writer
19642,429,writer
87020,1905,writer
94963,1906,writer
65233,1909,writer
65233,1910,translator
52039,1912,writer
52039,1913,translator
90977,1914,writer
48578,1915,writer
48578,1916,translator
74683,1917,writer
74683,1918,translator
40799,1919,writer
40799,1920,translator
45451,1923,writer
45451,1924,translator
58102,1925,writer
58102,1926,translator
85798,1927,writer
85798,1928,translator
87266,1929,writer
87266,1930,translator
87266,1931,translator
55775,1932,writer
68438,155,writer
24790,1933,writer
101748,1934,writer
62895,1935,writer
80661,1936,writer
83072,1937,writer
20707,1938,writer
98243,1939,writer
98243,1940,translator
45727,1942,writer
45727,1943,translator
4458,1946,writer
4458,1947,translator
101228,1948,writer
79598,1949,writer
85269,1950,writer
85269,1951,translator
22961,1952,writer
22961,237,translator
27603,1953,writer
27603,1954,translator
101500,1955,writer
101500,1956,translator
60952,1957,writer
60952,1958,translator
105730,1959,writer
105730,1960,translator
83590,102,writer
112260,289,writer
111031,1962,writer
102904,1963,writer
45123,1964,writer
120711,1965,writer
86878,67,writer
86878,1967,writer
116800,1968,writer
116800,1969,translator
61755,1970,writer
61755,1971,translator
5332,1972,writer
5332,1973,translator
91467,1974,writer
91467,1975,writer
50121,1976,writer
50121,1977,translator
58654,1978,writer
58654,1979,translator
51074,647,writer
51074,1669,translator
82354,1367,writer
82354,1980,translator
97192,1981,writer
77419,1982,writer
94798,1983,writer
86204,1984,writer
36299,1985,writer
36299,1986,translator
55377,67,writer
55377,1987,translator
55377,1988,translator
95701,1989,writer
95701,1990,translator
18564,1991,writer
18564,1992,translator
115741,1993,writer
115741,1994,translator
58975,1995,writer
58975,1996,translator
112509,481,writer
112509,1557,translator
109153,404,writer
11743,591,writer
17028,553,writer
17028,1997,translator
94200,1998,writer
94200,1999,translator
73176,2000,writer
73176,2001,translator
61959,2002,writer
61959,2003,translator
18550,2004,writer
18550,2005,translator
25062,155,writer
47065,2006,writer
47065,2007,translator
35055,2008,writer
89822,67,writer
63907,2009,writer
63907,2010,translator
62042,2011,writer
51839,2012,writer
54852,2013,writer
62190,2014,writer
62190,2015,translator
64887,509,writer
64887,2016,writer
64887,2017,translator
63297,2018,writer
110400,2019,writer
83451,2020,writer
83451,2021,translator
92813,67,writer
92813,2022,writer
38289,2023,writer
75688,2024,writer
2160,2025,writer
2160,2026,translator
115058,2027,writer
111178,2028,writer
111178,2029,translator
11414,2030,writer
11414,2031,translator
29723,2032,writer
29723,2033,translator
121212,2034,writer
121212,2035,translator
121212,2036,translator
15499,2037,writer
15499,2038,translator
104986,67,writer
104986,2039,writer
20218,2040,writer
20218,116,translator
16501,2041,writer
23150,2042,writer
23150,932,translator
69485,2043,writer
69485,2044,translator
